Uz_Dst 3513_2021,https://vexillum.uz/doc?id=50444
ГОСТ 28888-2017,https://vexillum.uz/doc?id=49619
ГОСТ 6286-2017,https://vexillum.uz/doc?id=49617
ГОСТ Р 53259-2019,https://vexillum.uz/doc?id=49497
"Uz_Dst ISO 1920-11_2019 (ISO 1920-11_2013, IDT)",http://vexillum.uz/doc?id=34252
"Uz_Dst ISO 1920-4_2019 (ISO 1920-4_2005, IDT)",http://vexillum.uz/doc?id=34251
"Uz_Dst ISO 1920-3_2019 (ISO 1920-3_2004, IDT)",http://vexillum.uz/doc?id=34250
"Uz_Dst ISO 11925-2_2019 (ISO 11925_2010, IDT)",http://vexillum.uz/doc?id=34231
"Uz_DstISO 1920-2_2019 (ISO 1920-2_2016, IDT)",http://vexillum.uz/doc?id=34166
"Uz_Dst ISO 1920-7_2019 (ISO 1920-7_2004, IDT)",http://vexillum.uz/doc?id=34150
"Uz_Dst ISO 1920-9_2019 (ISO 1920-9_2009, IDT)",http://vexillum.uz/doc?id=34079
"Uz_Dst ISO 22965-2_2019 (ISO 22965-2_2007, IDT)",http://vexillum.uz/doc?id=33913
Uz_DstIEC 60724_2019 (IEC 60724_2000 IDT),http://vexillum.uz/doc?id=33911
"Uz_DstIEC 60068-2-1_2019 (IEC 60068-2-1_2007, IDT)",http://vexillum.uz/doc?id=33910
Uz_DstIEC 60068-2-2_2019 (IEC 60068-2-2_2007),http://vexillum.uz/doc?id=33909
O`z DSt 3491_2020,http://vexillum.uz/doc?id=33901
"O`z DSt 17637_2020 (ISO 17637_2016, MOD)",http://vexillum.uz/doc?id=33899
O`z DSt 3489_2020,http://vexillum.uz/doc?id=33891
O`z DSt 3486_2020,http://vexillum.uz/doc?id=33881
O`z DSt 3482_2020,http://vexillum.uz/doc?id=33868
O`z DSt 3481_2020,http://vexillum.uz/doc?id=33867
O`z DSt 3474_2020,http://vexillum.uz/doc?id=33862
O`z DSt 3473_2020,http://vexillum.uz/doc?id=33861
O`z DSt 3472_2020,http://vexillum.uz/doc?id=33860
O`z DSt 3470_2020,http://vexillum.uz/doc?id=33858
O`z DSt 3476_2020,http://vexillum.uz/doc?id=33857
O`z DSt 3475_2020,http://vexillum.uz/doc?id=33856
O`z DSt 3468_2020Илк бор,http://vexillum.uz/doc?id=33854
O`z DSt 3466_2020,http://vexillum.uz/doc?id=33852
O`z DSt 3463_2020,http://vexillum.uz/doc?id=33827
O`z DSt 3462_2020,http://vexillum.uz/doc?id=33826
O`z DSt 3461_2020,http://vexillum.uz/doc?id=33825
O`z DSt 3460_2020,http://vexillum.uz/doc?id=33824
"O`z DSt ISO 9774_2019(ISO 9774_2004, IDT)",http://vexillum.uz/doc?id=33817
"O`z DSt ISO 14484_2019 (ISO 14484_2013, IDT)",http://vexillum.uz/doc?id=33816
O`z DSt 3457_2020,http://vexillum.uz/doc?id=33810
O`z DSt 3455_2020,http://vexillum.uz/doc?id=33809
O`z DSt 3454_2020,http://vexillum.uz/doc?id=33807
O`z DSt 3452_2020,http://vexillum.uz/doc?id=33806
"O`z DSt IEC 60216-7-1-2020 (IEC 60216-7-1-2015, IDT)",http://vexillum.uz/doc?id=33792
"O`z DSt IEC 60216-2-2020 (IEC 60216-2-2005, IDT)",http://vexillum.uz/doc?id=33790
"O`z DSt IEC 60364-5-52-2020 (IEC 60364-5-52-2009, IDT)",http://vexillum.uz/doc?id=33787
"O`z DSt IEC 60230-2020(IEC 60230-2018, IDT)",http://vexillum.uz/doc?id=33786
"O`z DSt IEC 60364-4-44-2020 (IEC 60364-4-44-2007, IDT)",http://vexillum.uz/doc?id=33785
"O`z DSt IEC 60216-7-2-2020 (IEC 60216-7-2-2016, IDT)",http://vexillum.uz/doc?id=33783
"O`z DSt IEC 60216-1-2020 (IEC 60216-1-2013, IDT)",http://vexillum.uz/doc?id=33780
"O`z DSt IEC 60216-8-2020 (IEC 60216-8-2013, IDT)",http://vexillum.uz/doc?id=33779
"O`z DSt IEC 60445-2020 (IEC 60445-2017, IDT)",http://vexillum.uz/doc?id=33778
"O`z DSt IEC 60229-2020 (IEC 60229-2007, IDT)",http://vexillum.uz/doc?id=33777
"O`z DSt ISO 36_2019(ISO 36_2007, IDT)",http://vexillum.uz/doc?id=33775
"O`z DSt ISO 17617_2019(ISO 17617_2014, IDT)",http://vexillum.uz/doc?id=33774
"O`z DSt ISO__IEC 19086-3_2020 (ISO__IEC 19086-3_2017, IDT)",http://vexillum.uz/doc?id=33773
"O`z DSt ISO__IEC 19086-2_2020 (ISO__IEC 19086-2_2018, IDT)",http://vexillum.uz/doc?id=33772
O`z DSt 3448_2020(Илк бор),http://vexillum.uz/doc?id=33769
"O`z DSt ISO 1130_2019(ISO 1130_1975, IDT)",http://vexillum.uz/doc?id=33767
"O`z DSt ISO 13938-1_2019 (ISO 13938-1_1999, IDT)",http://vexillum.uz/doc?id=33766
"Uz_Dst ISO__IEC 27001_2020(ISO__IEC 27001_2013, IDT)",http://vexillum.uz/doc?id=33764
"Uz_Dst ISO __ TS 22003_2020 (ISO__TS 22003_2013, IDT)",http://vexillum.uz/doc?id=33763
"Uz_Dst ISO 10018_2020(ISO 10018_2012, IDT)",http://vexillum.uz/doc?id=33762
"Uz_Dst ISO 10008_2020 (ISO 10008_2013, IDT)",http://vexillum.uz/doc?id=33760
"Uz_Dst ISO 10005_2020(ISO 10005_2018, IDT)",http://vexillum.uz/doc?id=33757
"Uz_Dst ISO 10001_2020 (ISO 10001_2018, IDT)",http://vexillum.uz/doc?id=33756
"Uz_Dst ISO 45001_2020(ISO 45001_2018, IDT)",http://vexillum.uz/doc?id=33755
"Uz_Dst ISO__IEC TS 17021-8_2020 (ISO__IEC TS 17021-8_2019, IDT)",http://vexillum.uz/doc?id=33752
"Uz_Dst ISO__IEC TS 17021-7_2020 (ISO__IEC TS 17021-7_2014, IDT)",http://vexillum.uz/doc?id=33751
"Uz_Dst ISO__IEC TS 17021-6_2020 (ISO__IEC TS 17021-6_2014, IDT)",http://vexillum.uz/doc?id=33750
"Uz_Dst ISO__IEC TS 17021-5_2020 (ISO__IEC TS 17021-5_2014, IDT)",http://vexillum.uz/doc?id=33749
"Uz_Dst ISO__IEC TS 17021-4_2020 (ISO__IEC TS 17021-4_2013, IDT)",http://vexillum.uz/doc?id=33748
"Uz_Dst ISO__IEC 17021-3_2020 (ISO__IEC 17021-3_2017, IDT)",http://vexillum.uz/doc?id=33747
"Uz_Dst ISO 8096_2019 (ISO 8096_2005, IDT)Илк бор",http://vexillum.uz/doc?id=33746
"Uz_Dst ISO 6938_2019 (ISO 6938_ 2012, IDT)Илк бор",http://vexillum.uz/doc?id=33745
"Uz_Dst ISO 2370_2019 (ISO 2370_2019, IDT)Илк бор",http://vexillum.uz/doc?id=33744
"Uz_Dst ISO 105-F02_2019 (ISO 105-F02_2009, IDT)Илк бор",http://vexillum.uz/doc?id=33743
"Uz_Dst ISO 105-Е16_2019 (ISO 105-Е16_2006, IDT)Илк бор",http://vexillum.uz/doc?id=33742
"Uz_Dst ISO 18067_2020 (ISO 18067_2015, IDT)Илк бор",http://vexillum.uz/doc?id=33740
"Uz_Dst ISO 13935-1_2020 (ISO 13935-1_2014, IDT)Илк бор",http://vexillum.uz/doc?id=33739
"Uz_Dst ISO 105-Е14_2019 (ISO 105-Е14_1994, IDT)Илк бор",http://vexillum.uz/doc?id=33732
"Uz_Dst ISO 18163_2019 (ISO 18163_2016, IDT)Илк бор",http://vexillum.uz/doc?id=33731
"Uz_Dst ISO 8559-2_2019 (ISO 8559-2_2017, IDT)Илк бор",http://vexillum.uz/doc?id=33730
"Uz_Dst CID A-A-59544_2019 (CID A-A-59544_2000, IDT)Илк бор",http://vexillum.uz/doc?id=33729
"Uz_Dst ISO 60073_2019 (ISO 60073_2000, IDT)Илк бор",http://vexillum.uz/doc?id=33727
"Uz_Dst ISO 60085_2019 (ISO 60085_2011, IDT)Илк бор",http://vexillum.uz/doc?id=33726
"Uz_Dst ISO 1973_2019 (ISO 1973_1995, IDT)Илк бор",http://vexillum.uz/doc?id=33725
"Uz_DstISO 60664-1_2019 (ISO 60664-1_2012, IDT)Илк бор",http://vexillum.uz/doc?id=33724
"Uz_Dst ISO 6741-1_2019 (ISO 6741-1_1989, IDT)Илк бор",http://vexillum.uz/doc?id=33723
"Uz_Dst ISO__TR 9240_2019 (ISO__TR 9240_1992, IDT)Илк бор",http://vexillum.uz/doc?id=33722
"Uz_Dst ISO 9073-6_2019 (ISO 9073-6_2000, IDT)Илк бор",http://vexillum.uz/doc?id=33716
"Uz_Dst ISO 105-F01_2019 (ISO 105-F01_2001, IDT)(Илк бор)",http://vexillum.uz/doc?id=33715
Uz_Dst ISO 4912_2019 Илк бор,http://vexillum.uz/doc?id=33714
Uz_Dst ISO 16533_2019 Илк бор,http://vexillum.uz/doc?id=33713
Uz_Dst ISO 18831_2019 (IDT)Илк бор,http://vexillum.uz/doc?id=33712
"Uz_Dst ISO 105-Е09_ 2019 (ISO 105-Е09_2010, IDT)Илк бор",http://vexillum.uz/doc?id=33711
Uz_Dst ISO 105-Е14_2019 (IDT)Илк бор,http://vexillum.uz/doc?id=33710
ГОСТ Р 54153- 2010,http://vexillum.uz/doc?id=33708
Uz_Dst 1091_2017,http://vexillum.uz/doc?id=33701
"Uz_Dst ISO 22241-1_2012 (ISO 22241-1_2006, IDT)",http://vexillum.uz/doc?id=33700
Uz_Dst 35.97_2011 (Правила ЕЭК ООН №97),http://vexillum.uz/doc?id=33699
Uz_Dst 35.79_2011 (Правила ЕЭК ООН №79),http://vexillum.uz/doc?id=33697
Uz_Dst 35.78_2011 (Правила ЕЭК ООН №78),http://vexillum.uz/doc?id=33696
Uz_Dst 35.74_2011 (Правила ЕЭК ООН №74),http://vexillum.uz/doc?id=33694
